{
    "featuredCountries": [
        {
            "name": "France",
            "capital": "Paris",
            "code": "FR",
            "continent": "Europe",
            "featured": false
        },
        {
            "name": "Japan",
            "capital": "Tokyo",
            "code": "JP",
            "continent": "Asia",
            "featured": false
        },
        {
            "name": "Australia",
            "capital": "Canberra",
            "code": "AU",
            "continent": "Oceania",
            "featured": false
        },
        {
            "name": "Brazil",
            "capital": "Brasilia",
            "code": "BR",
            "continent": "South America",
            "featured": true,
            "lastFeaturedDate": "2025-04-06"
        },
        {
            "name": "Canada",
            "capital": "Ottawa",
            "code": "CA",
            "continent": "North America",
            "featured": false
        },
        {
            "name": "Egypt",
            "capital": "Cairo",
            "code": "EG",
            "continent": "Africa",
            "featured": false
        },
        {
            "name": "Italy",
            "capital": "Rome",
            "code": "IT",
            "continent": "Europe",
            "featured": false
        },
        {
            "name": "Thailand",
            "capital": "Bangkok",
            "code": "TH",
            "continent": "Asia",
            "featured": false
        },
        {
            "name": "South Africa",
            "capital": "Pretoria",
            "code": "ZA",
            "continent": "Africa",
            "featured": false,
            "lastFeaturedDate": "2025-04-01"
        },
        {
            "name": "Mexico",
            "capital": "Mexico City",
            "code": "MX",
            "continent": "North America",
            "featured": false
        },
        {
            "name": "India",
            "capital": "New Delhi",
            "code": "IN",
            "continent": "Asia",
            "featured": false
        },
        {
            "name": "Spain",
            "capital": "Madrid",
            "code": "ES",
            "continent": "Europe",
            "featured": false
        },
        {
            "name": "Indonesia",
            "capital": "Jakarta",
            "code": "ID",
            "continent": "Asia",
            "featured": false
        },
        {
            "name": "United Kingdom",
            "capital": "London",
            "code": "GB",
            "continent": "Europe",
            "featured": false
        },
        {
            "name": "Argentina",
            "capital": "Buenos Aires",
            "code": "AR",
            "continent": "South America",
            "featured": false
        },
        {
            "name": "New Zealand",
            "capital": "Wellington",
            "code": "NZ",
            "continent": "Oceania",
            "featured": false
        },
        {
            "name": "Greece",
            "capital": "Athens",
            "code": "GR",
            "continent": "Europe",
            "featured": false,
            "lastFeaturedDate": "2025-03-30"
        },
        {
            "name": "Vietnam",
            "capital": "Hanoi",
            "code": "VN",
            "continent": "Asia",
            "featured": false,
            "lastFeaturedDate": "2025-04-04"
        },
        {
            "name": "Peru",
            "capital": "Lima",
            "code": "PE",
            "continent": "South America",
            "featured": false
        },
        {
            "name": "Morocco",
            "capital": "Rabat",
            "code": "MA",
            "continent": "Africa",
            "featured": false
        },
        {
            "name": "Turkey",
            "capital": "Ankara",
            "code": "TR",
            "continent": "Europe",
            "featured": false
        },
        {
            "name": "United States",
            "capital": "Washington, D.C.",
            "code": "US",
            "continent": "North America",
            "featured": false
        },
        {
            "name": "Switzerland",
            "capital": "Bern",
            "code": "CH",
            "continent": "Europe",
            "featured": false
        },
        {
            "name": "Colombia",
            "capital": "Bogotá",
            "code": "CO",
            "continent": "South America",
            "featured": false,
            "lastFeaturedDate": "2025-03-29"
        },
        {
            "name": "China",
            "capital": "Beijing",
            "code": "CN",
            "continent": "Asia",
            "featured": false
        },
        {
            "name": "Portugal",
            "capital": "Lisbon",
            "code": "PT",
            "continent": "Europe",
            "featured": false
        },
        {
            "name": "Singapore",
            "capital": "Singapore",
            "code": "SG",
            "continent": "Asia",
            "featured": false,
            "lastFeaturedDate": "2025-03-31"
        },
        {
            "name": "Kenya",
            "capital": "Nairobi",
            "code": "KE",
            "continent": "Africa",
            "featured": false
        },
        {
            "name": "Ireland",
            "capital": "Dublin",
            "code": "IE",
            "continent": "Europe",
            "featured": false
        },
        {
            "name": "Costa Rica",
            "capital": "San José",
            "code": "CR",
            "continent": "North America",
            "featured": false,
            "lastFeaturedDate": "2025-03-28"
        }
    ],
    "currentFeaturedCountry": {
        "name": "Brazil",
        "capital": "Brasilia",
        "code": "BR",
        "continent": "South America",
        "featured": true,
        "lastFeaturedDate": "2025-04-06"
    },
    "lastUpdated": "2025-04-06T11:40:51.044Z"
}